Fecha,Empresa,Precio_Apertura,Precio_Cierre,Precio_Maximo,Precio_Minimo,Volumen,Ingresos_Millones,Ganancia_Millones,Sentimiento_Reporte,Tendencia
2026-01-01,TechCorp,137.45,132.86,140.84,132.13,202424,103.94,19.0,Neutral,Baja
2026-01-02,TechCorp,195.07,198.34,199.22,192.18,236141,142.51,26.24,Neutral,Alza
2026-01-03,TechCorp,173.2,172.29,174.43,169.36,161888,78.9,18.27,Positivo,Baja
2026-01-04,TechCorp,159.87,161.48,166.02,156.5,160448,109.41,17.56,Positivo,Alza
2026-01-05,TechCorp,115.6,122.4,125.63,111.83,64397,70.91,8.52,Positivo,Alza
2026-01-06,TechCorp,115.6,113.84,116.14,108.95,222627,107.49,11.21,Positivo,Baja
2026-01-07,TechCorp,105.81,106.14,107.1,102.99,228031,74.5,15.89,Neutral,Alza
2026-01-08,TechCorp,186.62,191.44,194.93,184.67,181800,79.51,15.35,Neutral,Alza
2026-01-09,TechCorp,160.11,158.08,160.63,154.0,231589,79.4,16.33,Positivo,Baja
2026-01-10,TechCorp,170.81,166.81,172.03,165.09,169180,121.94,16.09,Negativo,Baja
2026-01-11,TechCorp,102.06,100.83,105.03,98.35,116234,129.68,15.62,Neutral,Baja
2026-01-12,TechCorp,196.99,194.09,200.6,193.24,89954,116.67,11.92,Positivo,Baja
2026-01-13,TechCorp,183.24,190.33,193.76,182.63,228352,146.97,22.43,Positivo,Alza
2026-01-14,TechCorp,121.23,126.74,128.25,116.4,129459,99.99,18.85,Positivo,Alza
2026-01-15,TechCorp,118.18,121.41,125.11,113.92,197851,92.86,14.75,Positivo,Alza
2026-01-16,TechCorp,118.34,124.67,126.24,114.71,245004,139.49,23.1,Positivo,Alza
2026-01-17,TechCorp,130.42,135.87,137.83,128.08,254008,87.89,20.71,Positivo,Alza
2026-01-18,TechCorp,152.48,149.91,156.34,148.63,205538,147.06,22.39,Positivo,Baja
2026-01-19,TechCorp,143.19,149.79,153.21,141.99,218011,70.97,12.57,Positivo,Alza
2026-01-20,TechCorp,129.12,131.13,135.45,127.49,250968,147.59,32.11,Negativo,Alza
2026-01-21,TechCorp,161.19,166.69,170.15,158.22,216342,73.45,11.71,Positivo,Alza
2026-01-22,TechCorp,113.95,120.6,123.66,110.23,109163,141.29,27.31,Positivo,Alza
2026-01-23,TechCorp,129.21,128.34,130.13,124.87,263709,112.22,25.74,Positivo,Baja
2026-01-24,TechCorp,136.64,133.07,138.79,131.31,101934,149.44,36.23,Negativo,Baja
2026-01-25,TechCorp,145.61,143.57,147.3,138.77,245967,75.9,9.26,Positivo,Baja
2026-01-26,TechCorp,178.52,179.07,180.67,174.7,213379,114.31,27.32,Positivo,Alza
2026-01-27,TechCorp,119.97,125.6,130.48,116.98,104098,147.54,25.65,Negativo,Alza
2026-01-28,TechCorp,151.42,157.61,159.88,148.17,241993,111.85,15.52,Negativo,Alza
2026-01-29,TechCorp,159.24,154.33,163.75,151.94,55486,120.35,20.32,Neutral,Baja
2026-01-30,TechCorp,104.65,106.29,109.63,103.04,189407,125.66,31.04,Positivo,Alza
2026-01-31,TechCorp,160.75,161.18,165.26,158.65,136900,106.36,18.5,Positivo,Alza
2026-02-01,TechCorp,117.05,114.94,119.81,111.03,176020,120.2,17.95,Neutral,Baja
2026-02-02,TechCorp,106.51,103.07,109.61,102.51,152795,116.75,22.77,Negativo,Baja
2026-02-03,TechCorp,194.89,194.28,197.61,193.26,270184,142.09,19.33,Neutral,Baja
2026-02-04,TechCorp,196.56,203.82,205.2,195.85,278275,73.64,8.2,Neutral,Alza
2026-02-05,TechCorp,180.84,180.04,184.59,179.36,192202,92.48,11.04,Positivo,Baja
2026-02-06,TechCorp,130.46,132.2,133.96,126.11,137508,146.03,17.41,Neutral,Alza
2026-02-07,TechCorp,109.77,113.91,114.52,106.1,287027,141.22,17.34,Positivo,Alza
2026-02-08,TechCorp,168.42,168.15,171.82,165.52,168324,106.45,12.86,Positivo,Baja
2026-02-09,TechCorp,144.02,151.65,152.95,143.08,110566,119.61,23.46,Positivo,Alza
2026-02-10,TechCorp,112.2,119.71,124.44,109.49,247775,92.19,11.73,Positivo,Alza
2026-02-11,TechCorp,149.52,147.79,154.31,145.16,77192,85.05,12.91,Positivo,Baja
2026-02-12,TechCorp,103.44,104.9,109.52,102.16,51062,107.1,25.12,Positivo,Alza
2026-02-13,TechCorp,190.93,189.84,193.1,187.39,134076,98.27,16.81,Neutral,Baja
2026-02-14,TechCorp,125.88,124.58,126.45,122.29,139780,116.69,23.35,Positivo,Baja
2026-02-15,TechCorp,166.25,161.73,170.93,158.46,202617,76.22,9.59,Neutral,Baja
2026-02-16,TechCorp,131.17,134.09,136.52,127.81,71689,147.95,19.06,Positivo,Alza
2026-02-17,TechCorp,152.01,153.54,158.39,151.31,61174,148.9,15.8,Positivo,Alza
2026-02-18,TechCorp,154.67,150.34,159.51,148.15,138461,125.85,15.77,Positivo,Baja
2026-02-19,TechCorp,118.49,117.11,122.83,113.79,176174,112.89,16.01,Positivo,Baja
2026-02-20,TechCorp,196.96,203.77,205.6,194.2,153033,94.76,11.99,Positivo,Alza
2026-02-21,TechCorp,177.51,175.62,179.74,171.27,59348,135.1,15.31,Positivo,Baja
2026-02-22,TechCorp,193.95,190.83,198.28,187.37,204786,124.78,14.74,Positivo,Baja
2026-02-23,TechCorp,189.48,190.84,192.77,188.25,88102,83.01,14.04,Negativo,Alza
2026-02-24,TechCorp,159.79,167.6,168.86,158.97,124460,142.87,18.71,Positivo,Alza
2026-02-25,TechCorp,192.19,190.34,195.2,186.95,152634,135.8,21.0,Neutral,Baja
2026-02-26,TechCorp,108.85,112.59,117.3,108.23,139930,145.98,25.62,Positivo,Alza
2026-02-27,TechCorp,119.6,124.5,128.13,116.46,56801,128.06,26.07,Neutral,Alza
2026-02-28,TechCorp,104.52,102.61,107.59,97.88,153150,119.07,12.61,Neutral,Baja
2026-03-01,TechCorp,132.53,137.0,137.94,129.44,253339,103.46,22.75,Neutral,Alza
2026-03-02,TechCorp,138.87,138.65,142.14,136.4,229208,144.62,28.08,Positivo,Baja
2026-03-03,TechCorp,127.13,130.35,135.31,123.74,204697,139.29,15.64,Positivo,Alza
2026-03-04,TechCorp,182.87,186.11,187.24,180.31,263945,73.62,17.01,Positivo,Alza
2026-03-05,TechCorp,135.68,137.65,140.48,132.72,281915,72.11,17.17,Negativo,Alza
2026-03-06,TechCorp,128.09,124.26,132.54,119.52,253664,100.12,10.93,Neutral,Baja
2026-03-07,TechCorp,154.27,160.13,163.96,152.03,258124,134.84,19.08,Negativo,Alza
2026-03-08,TechCorp,114.09,113.26,117.73,108.43,225333,148.98,32.91,Positivo,Baja
2026-03-09,TechCorp,180.22,177.64,183.88,173.07,51542,82.03,17.41,Neutral,Baja
2026-03-10,TechCorp,107.46,102.99,109.58,101.61,71677,117.53,15.01,Negativo,Baja
2026-03-11,TechCorp,198.69,201.37,203.19,197.88,227804,100.47,13.2,Positivo,Alza
2026-03-12,TechCorp,177.22,181.03,185.17,176.27,231415,147.59,22.96,Positivo,Alza
2026-03-13,TechCorp,119.87,115.09,124.02,114.51,89081,137.37,23.72,Neutral,Baja
2026-03-14,TechCorp,100.55,102.21,106.61,99.63,243928,137.07,26.42,Neutral,Alza
2026-03-15,TechCorp,181.55,179.49,186.16,175.92,143105,107.5,16.7,Neutral,Baja
2026-03-16,TechCorp,170.69,174.08,176.88,169.87,269930,103.19,17.48,Positivo,Alza
2026-03-17,TechCorp,172.9,170.17,175.66,168.23,69065,91.87,19.49,Neutral,Baja
2026-03-18,TechCorp,177.13,181.11,185.2,172.83,264532,74.51,7.86,Positivo,Alza
2026-03-19,TechCorp,107.4,107.43,110.85,106.8,138092,139.18,19.19,Positivo,Alza
2026-03-20,TechCorp,135.85,143.03,146.69,131.68,104693,135.03,27.95,Positivo,Alza
2026-03-21,TechCorp,111.59,108.38,115.67,106.61,76962,149.98,35.14,Neutral,Baja
2026-03-22,TechCorp,186.31,185.74,190.82,184.71,78295,149.73,26.47,Neutral,Baja
2026-03-23,TechCorp,162.33,158.81,164.35,155.17,63807,114.43,20.58,Positivo,Baja
2026-03-24,TechCorp,133.09,140.11,142.3,129.76,223420,131.52,15.27,Positivo,Alza
2026-03-25,TechCorp,106.36,112.77,113.69,101.91,207504,145.58,24.33,Negativo,Alza
2026-03-26,TechCorp,131.1,129.45,134.2,125.64,264357,137.97,24.82,Positivo,Baja
2026-03-27,TechCorp,132.52,136.1,136.76,128.4,288067,89.79,12.24,Neutral,Alza
2026-03-28,TechCorp,172.96,178.58,181.18,171.19,272864,106.04,14.89,Positivo,Alza
2026-03-29,TechCorp,163.76,165.98,168.92,162.46,238926,80.33,12.58,Positivo,Alza
2026-03-30,TechCorp,188.72,190.61,192.4,184.84,221334,146.32,15.07,Positivo,Alza
2026-03-31,TechCorp,147.22,145.36,150.38,141.23,218152,118.49,17.57,Positivo,Baja
2026-04-01,TechCorp,111.96,108.17,112.6,103.21,182396,88.29,11.63,Neutral,Baja
2026-04-02,TechCorp,171.32,177.98,178.65,168.96,141267,123.74,18.45,Positivo,Alza
2026-04-03,TechCorp,176.08,182.79,186.99,173.91,216981,119.45,14.09,Positivo,Alza
2026-04-04,TechCorp,156.13,159.36,161.48,152.14,270411,98.65,23.04,Negativo,Alza
2026-04-05,TechCorp,177.1,176.51,178.17,174.48,69870,79.08,14.95,Positivo,Baja
2026-04-06,TechCorp,149.38,148.92,152.23,144.23,215650,123.73,24.98,Positivo,Baja
2026-04-07,TechCorp,152.27,156.71,160.67,147.91,253196,111.62,24.38,Negativo,Alza
2026-04-08,TechCorp,142.75,149.41,150.88,140.32,298683,131.79,23.03,Neutral,Alza
2026-04-09,TechCorp,102.54,109.07,112.37,98.66,284677,111.61,12.62,Positivo,Alza
2026-04-10,TechCorp,110.79,115.93,116.81,106.89,76790,138.17,24.95,Negativo,Alza
